"","State","cause","y1","y2","y3","y4","mortality"
"1","U.S.","C1",712.1,706.1,660.1,614.7,2693
"2","Alabama","C1",345.5,364,340.8,315.3,1365.6
"3","Alaska","C1",1100,1156.4,1124.3,1162.6,4543.3
"4","Arizona","C1",986.7,935.9,855.7,867.9,3646.2
"5","Arkansas","C1",362.6,436.7,454.3,364.2,1617.8
"6","California","C1",434.9,431.9,401.8,363.1,1631.7
"7","Colorado","C1",525.2,511.3,486.6,450.5,1973.6
"8","Connecticut","C1",604.4,513.9,319.1,213.2,1650.6
"9","Delaware","C1",587.2,510.9,576.6,402.6,2077.3
"10","District of Columbia","C1",NA,325.7,NA,NA,325.7
"11","Florida","C1",368.3,371.3,322.8,300.7,1363.1
"12","Georgia","C1",683.1,939.2,305.1,185.1,2112.5
"13","Hawaii","C1",1650.1,683.8,519.5,804.2,3657.6
"14","Idaho","C1",985.4,1029,801.6,798.5,3614.5
"15","Illinois","C1",274.3,258.1,249,177.1,958.5
"16","Indiana","C1",257.5,234.1,168.4,162.8,822.8
"17","Iowa","C1",654.3,838,738.8,719.7,2950.8
"18","Kansas","C1",893.6,1028.5,1282.6,1157,4361.7
"19","Kentucky","C1",261.4,236.2,221.5,290.8,1009.9
"20","Louisiana","C1",393.7,406.6,383.2,439.3,1622.8
"21","Maine","C1",1552,1554.1,1209.9,1070.5,5386.5
"22","Maryland","C1",713.4,529.6,327.4,180,1750.4
"23","Massachusetts","C1",323.5,393.2,313.8,240.4,1270.9
"24","Michigan","C1",1139.1,998.4,934.1,851.5,3923.1
"25","Minnesota","C1",1249.3,1190,1074.1,1074.5,4587.9
"26","Mississippi","C1",939.4,824.5,812.8,783.2,3359.9
"27","Missouri","C1",451.8,463,470.3,409.8,1794.9
"28","Montana","C1",1293.2,1276.6,1271.9,1172.2,5013.9
"29","Nebraska","C1",1290.7,1212.7,1028.5,881.5,4413.4
"30","Nevada","C1",704.2,759.3,678.9,570.4,2712.8
"31","New Hampshire","C1",852.4,NA,NA,NA,852.4
"32","New Jersey","C1",297.4,420.4,269.8,206.4,1194
"33","New Mexico","C1",861.6,838.6,810.7,789.7,3300.6
"34","New York","C1",272.9,279.6,238.8,192.1,983.4
"35","North Carolina","C1",962.4,941.5,836,781,3520.9
"36","North Dakota","C1",1385.2,1352.5,1417.2,1364.4,5519.3
"37","Ohio","C1",296.7,214.6,283.7,268.5,1063.5
"38","Oklahoma","C1",830.1,942.1,994.4,987.6,3754.2
"39","Oregon","C1",924.5,867.5,793.5,679.5,3265
"40","Pennsylvania","C1",326.3,286.3,204.9,236.7,1054.2
"41","Rhode Island","C1",663.2,628.6,596.4,549.3,2437.5
"42","South Carolina","C1",362.3,427.5,496.8,457.4,1744
"43","South Dakota","C1",1431.3,1519.9,1342.3,1278.9,5572.4
"44","Tennessee","C1",280.3,299.1,311.7,253.7,1144.8
"45","Texas","C1",186.6,186.5,233.6,156.7,763.4
"46","Utah","C1",837.9,848.4,829.1,752.6,3268
"47","Vermont","C1",NA,NA,498,341,839
"48","Virginia","C1",313.5,319.7,318.2,387.3,1338.7
"49","Washington","C1",983.8,976.3,953.2,901.7,3815
"50","West Virginia","C1",NA,NA,263.8,361.1,624.9
"51","Wisconsin","C1",989.7,1154.5,1107.6,985.9,4237.7
"52","Wyoming","C1",1332.2,1030.6,1147.6,1093.8,4604.2
"53","U.S.","C2",131.9,129.1,124.8,115.4,501.2
"54","Alabama","C2",85.1,73.8,76.2,61.1,296.2
"55","Alaska","C2",241.7,241.3,242.6,242.1,967.7
"56","Arizona","C2",127.4,127.7,114.2,115.1,484.4
"57","Arkansas","C2",77,90.2,67.4,81.3,315.9
"58","California","C2",85.6,83.1,82.5,76,327.2
"59","Colorado","C2",72.7,95.4,92.7,86.8,347.6
"60","Connecticut","C2",125.2,NA,76.6,NA,201.8
"61","Delaware","C2",NA,NA,NA,NA,0
"62","District of Columbia","C2",NA,NA,NA,NA,0
"63","Florida","C2",87,77,69.2,63.6,296.8
"64","Georgia","C2",175.9,184.3,30.7,39,429.9
"65","Hawaii","C2",465.5,NA,NA,NA,465.5
"66","Idaho","C2",170.3,173.5,146.1,122.1,612
"67","Illinois","C2",51.2,50.9,61.6,40.7,204.4
"68","Indiana","C2",69.3,NA,NA,NA,69.3
"69","Iowa","C2",NA,NA,209.1,170.4,379.5
"70","Kansas","C2",221.8,195,273.4,250,940.2
"71","Kentucky","C2",NA,NA,NA,NA,0
"72","Louisiana","C2",78.9,79.6,79.9,88.1,326.5
"73","Maine","C2",406.8,339.3,304.7,190.4,1241.2
"74","Maryland","C2",157.3,104.3,72.6,36.4,370.6
"75","Massachusetts","C2",67.7,89.7,70.1,63.5,291
"76","Michigan","C2",237.9,220.9,191.1,171.3,821.2
"77","Minnesota","C2",224.5,245.7,212.7,230.1,913
"78","Mississippi","C2",217.3,143.4,150.8,121,632.5
"79","Missouri","C2",119.9,97.4,100.9,88.5,406.7
"80","Montana","C2",283.1,253,244.2,203.1,983.4
"81","Nebraska","C2",184.8,217.3,165.7,154.6,722.4
"82","Nevada","C2",116.2,103.7,109.6,111.7,441.2
"83","New Hampshire","C2",NA,NA,NA,NA,0
"84","New Jersey","C2",74.7,86.9,56.2,52.9,270.7
"85","New Mexico","C2",137.4,113.5,125.4,108.8,485.1
"86","New York","C2",57,66.9,58.1,44.5,226.5
"87","North Carolina","C2",168.1,169.7,155.2,150.6,643.6
"88","North Dakota","C2",269.3,267.6,304.6,231.9,1073.4
"89","Ohio","C2",59.1,37.5,64.9,67.9,229.4
"90","Oklahoma","C2",159.6,179.1,193,197.2,728.9
"91","Oregon","C2",194,163.7,158.3,154.4,670.4
"92","Pennsylvania","C2",55.9,72,46.7,48.2,222.8
"93","Rhode Island","C2",NA,NA,135.8,NA,135.8
"94","South Carolina","C2",NA,101.2,84.9,130.9,317
"95","South Dakota","C2",243.4,255.6,215.7,222.1,936.8
"96","Tennessee","C2",80.5,85.5,87.1,53.1,306.2
"97","Texas","C2",33,35.1,50.7,35.2,154
"98","Utah","C2",132.7,117.5,118.6,96.4,465.2
"99","Vermont","C2",NA,NA,NA,NA,0
"100","Virginia","C2",66.1,81.6,72.7,82.4,302.8
"101","Washington","C2",173.5,188.7,177.6,162.8,702.6
"102","West Virginia","C2",NA,NA,NA,NA,0
"103","Wisconsin","C2",186.3,245,238.6,198.9,868.8
"104","Wyoming","C2",214,150.9,169.3,172,706.2
"105","U.S.","C3",43,43.9,39.4,35.9,162.2
"106","Alabama","C3",NA,NA,NA,NA,0
"107","Alaska","C3",17.3,21,17.5,25.7,81.5
"108","Arizona","C3",77.5,61.3,55.3,68.6,262.7
"109","Arkansas","C3",NA,NA,NA,NA,0
"110","California","C3",20.4,24.3,21.1,16.3,82.1
"111","Colorado","C3",28.2,40.3,30.6,19,118.1
"112","Connecticut","C3",NA,NA,NA,NA,0
"113","Delaware","C3",NA,NA,NA,NA,0
"114","District of Columbia","C3",NA,NA,NA,NA,0
"115","Florida","C3",18.1,NA,14.5,13.4,46
"116","Georgia","C3",NA,NA,NA,NA,0
"117","Hawaii","C3",NA,NA,NA,NA,0
"118","Idaho","C3",107.3,116.5,47.7,58.4,329.9
"119","Illinois","C3",NA,NA,NA,NA,0
"120","Indiana","C3",NA,NA,NA,NA,0
"121","Iowa","C3",NA,NA,NA,NA,0
"122","Kansas","C3",NA,43.7,47.5,47.6,138.8
"123","Kentucky","C3",NA,NA,NA,NA,0
"124","Louisiana","C3",NA,NA,NA,NA,0
"125","Maine","C3",NA,NA,NA,NA,0
"126","Maryland","C3",NA,NA,NA,NA,0
"127","Massachusetts","C3",NA,NA,NA,NA,0
"128","Michigan","C3",66.1,60.5,63.8,45.2,235.6
"129","Minnesota","C3",88.9,100,77.7,68.3,334.9
"130","Mississippi","C3",NA,129,97,75.4,301.4
"131","Missouri","C3",NA,NA,NA,NA,0
"132","Montana","C3",59.1,92.2,65,73,289.3
"133","Nebraska","C3",NA,NA,100.5,92,192.5
"134","Nevada","C3",41,NA,NA,35.4,76.4
"135","New Hampshire","C3",NA,NA,NA,NA,0
"136","New Jersey","C3",NA,NA,NA,NA,0
"137","New Mexico","C3",72.5,66.1,71.7,65.5,275.8
"138","New York","C3",17.2,12.2,12.8,10.9,53.1
"139","North Carolina","C3",54.1,55.8,43.6,38.3,191.8
"140","North Dakota","C3",126.9,85.3,109.8,96.8,418.8
"141","Ohio","C3",NA,NA,NA,NA,0
"142","Oklahoma","C3",60.7,71.3,62.6,57.9,252.5
"143","Oregon","C3",44.4,49.4,63.9,43.7,201.4
"144","Pennsylvania","C3",NA,NA,NA,NA,0
"145","Rhode Island","C3",NA,NA,NA,NA,0
"146","South Carolina","C3",NA,NA,NA,NA,0
"147","South Dakota","C3",99.5,135.4,114.8,110,459.7
"148","Tennessee","C3",NA,NA,NA,NA,0
"149","Texas","C3",NA,NA,11.5,NA,11.5
"150","Utah","C3",88.6,66.1,76,57.3,288
"151","Vermont","C3",NA,NA,NA,NA,0
"152","Virginia","C3",NA,NA,NA,NA,0
"153","Washington","C3",42.3,52.1,51.6,45.5,191.5
"154","West Virginia","C3",NA,NA,NA,NA,0
"155","Wisconsin","C3",64,76.9,70.7,55.8,267.4
"156","Wyoming","C3",NA,NA,NA,NA,0
"157","U.S.","C4",230.5,219.3,186.6,167,803.4
"158","Alabama","C4",112.3,155,108.9,102.2,478.4
"159","Alaska","C4",281.1,317.8,255.2,292.1,1146.2
"160","Arizona","C4",245.1,222.8,182.8,176.1,826.8
"161","Arkansas","C4",124.9,177.4,170.2,134.9,607.4
"162","California","C4",162.4,155.9,132.2,114.4,564.9
"163","Colorado","C4",186.6,152.2,121.3,123.5,583.6
"164","Connecticut","C4",271.2,223,121.1,96.8,712.1
"165","Delaware","C4",NA,NA,240.8,NA,240.8
"166","District of Columbia","C4",NA,NA,NA,NA,0
"167","Florida","C4",120.6,131.7,96.7,92.6,441.6
"168","Georgia","C4",268.2,311.2,121.2,63.6,764.2
"169","Hawaii","C4",572.5,NA,NA,262.3,834.8
"170","Idaho","C4",283.7,286,251,233.1,1053.8
"171","Illinois","C4",107.8,104,80.1,57.3,349.2
"172","Indiana","C4",85,79.9,50.7,57.5,273.1
"173","Iowa","C4",249.7,217.2,202.6,225,894.5
"174","Kansas","C4",362.7,365.7,395.7,336.9,1461
"175","Kentucky","C4",NA,NA,NA,91.6,91.6
"176","Louisiana","C4",150.2,151.8,93.9,152.9,548.8
"177","Maine","C4",695.2,444.8,350.9,334.1,1825
"178","Maryland","C4",318.5,203.6,117.4,58.9,698.4
"179","Massachusetts","C4",123.4,132.1,113.8,68.7,438
"180","Michigan","C4",425.9,351.8,332.1,249.3,1359.1
"181","Minnesota","C4",343.6,308.5,288,241.8,1181.9
"182","Mississippi","C4",297.8,203.5,210.9,231.4,943.6
"183","Missouri","C4",156.3,143.2,155.5,97.5,552.5
"184","Montana","C4",348.7,347.6,294,286.8,1277.1
"185","Nebraska","C4",416.1,304.4,209.3,190.1,1119.9
"186","Nevada","C4",230.8,283.5,225.9,158.9,899.1
"187","New Hampshire","C4",NA,NA,NA,NA,0
"188","New Jersey","C4",122,165.4,112.6,65.1,465.1
"189","New Mexico","C4",209.7,188.9,152.5,156.9,708
"190","New York","C4",105.5,104.6,75.4,67,352.5
"191","North Carolina","C4",389.5,359.6,272.2,223.9,1245.2
"192","North Dakota","C4",448,348.7,377.5,347.1,1521.3
"193","Ohio","C4",100.4,74.4,88.7,80.4,343.9
"194","Oklahoma","C4",297.4,322.5,321.3,296.5,1237.7
"195","Oregon","C4",285.2,266.3,194.7,155.5,901.7
"196","Pennsylvania","C4",119.3,91.7,67.4,93.6,372
"197","Rhode Island","C4",267.8,249.1,195.8,163.3,876
"198","South Carolina","C4",158,157.7,201.8,132.8,650.3
"199","South Dakota","C4",424.5,420.1,334.4,306.3,1485.3
"200","Tennessee","C4",78.6,106,86.4,89,360
"201","Texas","C4",68.1,63.3,78.4,47.8,257.6
"202","Utah","C4",186.5,260.4,165.6,161.2,773.7
"203","Vermont","C4",NA,NA,NA,NA,0
"204","Virginia","C4",117.2,93,114.4,123.3,447.9
"205","Washington","C4",341.6,304.2,278.6,270.6,1195
"206","West Virginia","C4",NA,NA,NA,NA,0
"207","Wisconsin","C4",318.3,342.9,283.1,292.2,1236.5
"208","Wyoming","C4",361.1,211.5,240.9,212.4,1025.9
"209","U.S.","C5",171.8,165.1,141.8,127.7,606.4
"210","Alabama","C5",92.5,112.6,81.8,86,372.9
"211","Alaska","C5",206.6,211.6,181.8,214.2,814.2
"212","Arizona","C5",181.7,168.8,138.8,131.5,620.8
"213","Arkansas","C5",103.2,148.1,105.7,97.4,454.4
"214","California","C5",118.6,116.6,101.2,86.7,423.1
"215","Colorado","C5",127.6,121.4,87.2,90.7,426.9
"216","Connecticut","C5",198.3,164.9,NA,NA,363.2
"217","Delaware","C5",NA,NA,NA,NA,0
"218","District of Columbia","C5",NA,NA,NA,NA,0
"219","Florida","C5",82.9,98.1,67.8,69.5,318.3
"220","Georgia","C5",171.4,223.1,84,42.8,521.3
"221","Hawaii","C5",NA,NA,NA,NA,0
"222","Idaho","C5",202.7,205.8,173.2,169.7,751.4
"223","Illinois","C5",81,72.7,58.9,46.1,258.7
"224","Indiana","C5",NA,NA,NA,41.7,41.7
"225","Iowa","C5",206.1,NA,NA,185.9,392
"226","Kansas","C5",282.1,260.8,307.2,241.9,1092
"227","Kentucky","C5",NA,NA,NA,NA,0
"228","Louisiana","C5",107.5,119.6,71.5,120.5,419.1
"229","Maine","C5",540.3,365.7,311.1,253.4,1470.5
"230","Maryland","C5",248.1,176.7,94.7,50.9,570.4
"231","Massachusetts","C5",94.4,104.2,88,55.8,342.4
"232","Michigan","C5",338.5,276.8,260.3,204.2,1079.8
"233","Minnesota","C5",241.2,240.3,212.4,187.2,881.1
"234","Mississippi","C5",194.5,147.2,170.2,177.6,689.5
"235","Missouri","C5",130.2,102.2,113,79.3,424.7
"236","Montana","C5",246.8,257.3,216.9,224.6,945.6
"237","Nebraska","C5",332.8,230.9,157.9,137.6,859.2
"238","Nevada","C5",182.6,221.8,177,124.6,706
"239","New Hampshire","C5",NA,NA,NA,NA,0
"240","New Jersey","C5",89.7,134.9,77,50.6,352.2
"241","New Mexico","C5",158,145.7,108,117.7,529.4
"242","New York","C5",82,82.4,65.7,53.1,283.2
"243","North Carolina","C5",294.7,263.4,203.8,179.2,941.1
"244","North Dakota","C5",351.3,279.8,297.7,257.7,1186.5
"245","Ohio","C5",77.8,61.3,67.5,66.1,272.7
"246","Oklahoma","C5",222.6,247.7,255.1,230.3,955.7
"247","Oregon","C5",187.8,185.8,140,103.9,617.5
"248","Pennsylvania","C5",92.6,58,53.7,79.5,283.8
"249","Rhode Island","C5",209.2,184.7,140.4,149.7,684
"250","South Carolina","C5",114.2,129.3,127.2,91.6,462.3
"251","South Dakota","C5",329.2,341.5,248.1,240.7,1159.5
"252","Tennessee","C5",NA,82.9,76.5,80.7,240.1
"253","Texas","C5",50.5,42.3,59.8,36,188.6
"254","Utah","C5",151.1,199.9,123.2,118.6,592.8
"255","Vermont","C5",NA,NA,NA,NA,0
"256","Virginia","C5",95.2,53,82.4,83.8,314.4
"257","Washington","C5",232.5,221.8,207.3,200.6,862.2
"258","West Virginia","C5",NA,NA,NA,NA,0
"259","Wisconsin","C5",241.5,264.6,225.4,226.6,958.1
"260","Wyoming","C5",297.6,138.5,200.4,167.4,803.9
"261","U.S.","C6",123.8,116.1,96.7,84.2,420.8
"262","Alabama","C6",60.9,65.2,37.3,41.7,205.1
"263","Alaska","C6",122.8,115.1,93.4,101.8,433.1
"264","Arizona","C6",122.2,118.7,92.8,89.9,423.6
"265","Arkansas","C6",59.9,107.7,76.9,66.7,311.2
"266","California","C6",92.8,84.6,69.5,61.1,308
"267","Colorado","C6",92.6,89.3,47,53.8,282.7
"268","Connecticut","C6",153.2,121.9,NA,NA,275.1
"269","Delaware","C6",NA,NA,NA,NA,0
"270","District of Columbia","C6",NA,NA,NA,NA,0
"271","Florida","C6",59.8,76.4,52.1,46.2,234.5
"272","Georgia","C6",94.2,98.5,NA,NA,192.7
"273","Hawaii","C6",NA,NA,NA,NA,0
"274","Idaho","C6",150.1,136.1,104.7,101.9,492.8
"275","Illinois","C6",53.9,51.4,42.2,27.3,174.8
"276","Indiana","C6",NA,NA,NA,NA,0
"277","Iowa","C6",NA,NA,NA,NA,0
"278","Kansas","C6",181.2,162.2,186.5,156.2,686.1
"279","Kentucky","C6",NA,NA,NA,NA,0
"280","Louisiana","C6",76.8,81.9,54.7,79.6,293
"281","Maine","C6",456,275.7,184.1,NA,915.8
"282","Maryland","C6",194.3,142.8,54.6,NA,391.7
"283","Massachusetts","C6",71.4,69.1,43.1,NA,183.6
"284","Michigan","C6",263.9,213.3,198.7,152.1,828
"285","Minnesota","C6",154.2,162.4,141.1,129.8,587.5
"286","Mississippi","C6",120.9,102.4,91.4,86.9,401.6
"287","Missouri","C6",92,68.2,82.6,56.6,299.4
"288","Montana","C6",159.3,172.3,138.6,136.1,606.3
"289","Nebraska","C6",190.5,154,92,95.5,532
"290","Nevada","C6",111.1,121.7,93,69.4,395.2
"291","New Hampshire","C6",NA,NA,NA,NA,0
"292","New Jersey","C6",62.4,100.4,55.5,27.9,246.2
"293","New Mexico","C6",104.3,87.2,70.1,74,335.6
"294","New York","C6",68.8,67.9,50.8,36.7,224.2
"295","North Carolina","C6",225.6,196.7,148.8,118.3,689.4
"296","North Dakota","C6",283,231.4,195.2,199.1,908.7
"297","Ohio","C6",52.8,43,50.4,42.6,188.8
"298","Oklahoma","C6",170.2,185.8,184.3,152.6,692.9
"299","Oregon","C6",135.5,124.2,80.6,59,399.3
"300","Pennsylvania","C6",68.8,NA,41.4,57.2,167.4
"301","Rhode Island","C6",NA,NA,NA,130.1,130.1
"302","South Carolina","C6",NA,NA,68.1,47.2,115.3
"303","South Dakota","C6",218.6,238.2,199.2,173.4,829.4
"304","Tennessee","C6",NA,63.3,60.5,50.8,174.6
"305","Texas","C6",35.4,32.1,37.1,22.6,127.2
"306","Utah","C6",93.6,133.2,74.5,71.6,372.9
"307","Vermont","C6",NA,NA,NA,NA,0
"308","Virginia","C6",54.7,NA,NA,53.1,107.8
"309","Washington","C6",176.4,167.1,147.5,138.9,629.9
"310","West Virginia","C6",NA,NA,NA,NA,0
"311","Wisconsin","C6",179,187,167.4,161.9,695.3
"312","Wyoming","C6",173.6,NA,97.6,101.1,372.3
"313","U.S.","C7",45.6,39.1,32.1,26.9,143.7
"314","Alabama","C7",NA,NA,NA,NA,0
"315","Alaska","C7",31.9,31.8,26.6,26.2,116.5
"316","Arizona","C7",43.3,31.8,30,26.9,132
"317","Arkansas","C7",NA,74.7,50.9,42.9,168.5
"318","California","C7",29.7,25,19.7,18.3,92.7
"319","Colorado","C7",40.6,NA,NA,NA,40.6
"320","Connecticut","C7",NA,NA,NA,NA,0
"321","Delaware","C7",NA,NA,NA,NA,0
"322","District of Columbia","C7",NA,NA,NA,NA,0
"323","Florida","C7",25.9,26.2,14.7,12.4,79.2
"324","Georgia","C7",NA,NA,NA,NA,0
"325","Hawaii","C7",NA,NA,NA,NA,0
"326","Idaho","C7",NA,NA,78.4,43.2,121.6
"327","Illinois","C7",NA,NA,NA,NA,0
"328","Indiana","C7",NA,NA,NA,NA,0
"329","Iowa","C7",NA,NA,NA,NA,0
"330","Kansas","C7",72,56.2,66.6,47.2,242
"331","Kentucky","C7",NA,NA,NA,NA,0
"332","Louisiana","C7",NA,NA,NA,41.5,41.5
"333","Maine","C7",NA,NA,NA,NA,0
"334","Maryland","C7",100.6,NA,NA,NA,100.6
"335","Massachusetts","C7",NA,NA,NA,NA,0
"336","Michigan","C7",98.6,62.6,68.1,52.3,281.6
"337","Minnesota","C7",56.6,60.1,51.5,40.2,208.4
"338","Mississippi","C7",NA,NA,NA,NA,0
"339","Missouri","C7",48.1,NA,39.4,NA,87.5
"340","Montana","C7",53.4,72,43.7,40,209.1
"341","Nebraska","C7",NA,NA,NA,NA,0
"342","Nevada","C7",58.7,43,NA,NA,101.7
"343","New Hampshire","C7",NA,NA,NA,NA,0
"344","New Jersey","C7",NA,43,NA,NA,43
"345","New Mexico","C7",34.5,27.3,21.4,26.5,109.7
"346","New York","C7",31.6,21.5,19.5,10.6,83.2
"347","North Carolina","C7",86,69.3,53.4,37.6,246.3
"348","North Dakota","C7",117.8,79.1,81.1,59.2,337.2
"349","Ohio","C7",NA,NA,NA,NA,0
"350","Oklahoma","C7",50.7,49.7,49.8,33,183.2
"351","Oregon","C7",48.5,45.2,22.4,16.7,132.8
"352","Pennsylvania","C7",NA,NA,NA,NA,0
"353","Rhode Island","C7",NA,NA,NA,NA,0
"354","South Carolina","C7",NA,NA,NA,NA,0
"355","South Dakota","C7",112.9,133.6,98.9,99.7,445.1
"356","Tennessee","C7",NA,NA,NA,NA,0
"357","Texas","C7",14.1,14.2,15,8.9,52.2
"358","Utah","C7",NA,70.9,NA,NA,70.9
"359","Vermont","C7",NA,NA,NA,NA,0
"360","Virginia","C7",NA,NA,NA,NA,0
"361","Washington","C7",66.2,62.5,51.9,62.5,243.1
"362","West Virginia","C7",NA,NA,NA,NA,0
"363","Wisconsin","C7",102.1,93,71.6,70.1,336.8
"364","Wyoming","C7",NA,NA,NA,NA,0
"365","U.S.","C8",43.1,38.9,31.7,28.1,141.8
"366","Alabama","C8",NA,NA,NA,NA,0
"367","Alaska","C8",55.9,87.7,60,59.8,263.4
"368","Arizona","C8",48.6,34.9,27.7,31.3,142.5
"369","Arkansas","C8",NA,NA,NA,NA,0
"370","California","C8",31.9,28.2,21.9,18.1,100.1
"371","Colorado","C8",NA,NA,NA,22.7,22.7
"372","Connecticut","C8",NA,NA,NA,NA,0
"373","Delaware","C8",NA,NA,NA,NA,0
"374","District of Columbia","C8",NA,NA,NA,NA,0
"375","Florida","C8",24.9,24.9,22,20.6,92.4
"376","Georgia","C8",83.3,75.6,NA,NA,158.9
"377","Hawaii","C8",NA,NA,NA,NA,0
"378","Idaho","C8",NA,NA,NA,48.5,48.5
"379","Illinois","C8",NA,NA,NA,NA,0
"380","Indiana","C8",NA,NA,NA,NA,0
"381","Iowa","C8",NA,NA,NA,NA,0
"382","Kansas","C8",52.3,82.9,55.3,69.9,260.4
"383","Kentucky","C8",NA,NA,NA,NA,0
"384","Louisiana","C8",NA,NA,NA,NA,0
"385","Maine","C8",NA,NA,NA,NA,0
"386","Maryland","C8",NA,NA,NA,NA,0
"387","Massachusetts","C8",NA,NA,NA,NA,0
"388","Michigan","C8",57.6,54.4,45.2,32.8,190
"389","Minnesota","C8",78.4,46,54.3,39,217.7
"390","Mississippi","C8",NA,NA,NA,NA,0
"391","Missouri","C8",NA,NA,NA,NA,0
"392","Montana","C8",71,63.9,56.2,51.4,242.5
"393","Nebraska","C8",NA,NA,NA,NA,0
"394","Nevada","C8",NA,NA,NA,NA,0
"395","New Hampshire","C8",NA,NA,NA,NA,0
"396","New Jersey","C8",NA,NA,NA,NA,0
"397","New Mexico","C8",38.3,32.3,32.6,29.3,132.5
"398","New York","C8",19.9,15.9,NA,7.7,43.5
"399","North Carolina","C8",77.2,72.8,49.5,30.9,230.4
"400","North Dakota","C8",66.7,NA,57,63.1,186.8
"401","Ohio","C8",NA,NA,NA,NA,0
"402","Oklahoma","C8",51.6,51.1,46.7,46.5,195.9
"403","Oregon","C8",71.2,59.4,34.6,44.2,209.4
"404","Pennsylvania","C8",NA,NA,NA,NA,0
"405","Rhode Island","C8",NA,NA,NA,NA,0
"406","South Carolina","C8",NA,NA,NA,NA,0
"407","South Dakota","C8",66.5,56.6,59.3,50.1,232.5
"408","Tennessee","C8",NA,NA,NA,NA,0
"409","Texas","C8",12.4,17.3,12.8,7.9,50.4
"410","Utah","C8",NA,NA,NA,NA,0
"411","Vermont","C8",NA,NA,NA,NA,0
"412","Virginia","C8",NA,NA,NA,NA,0
"413","Washington","C8",89.4,60.2,52.6,50.4,252.6
"414","West Virginia","C8",NA,NA,NA,NA,0
"415","Wisconsin","C8",62.9,59.3,39.7,48.8,210.7
"416","Wyoming","C8",NA,NA,NA,NA,0
"417","U.S.","C9",32.2,32.3,31.9,31,127.4
"418","Alabama","C9",NA,NA,NA,NA,0
"419","Alaska","C9",67.7,61,62.5,73.8,265
"420","Arizona","C9",22.8,13.4,14,18.7,68.9
"421","Arkansas","C9",NA,NA,NA,NA,0
"422","California","C9",26.8,26.8,23.9,20.5,98
"423","Colorado","C9",NA,NA,27.4,23.4,50.8
"424","Connecticut","C9",NA,NA,NA,NA,0
"425","Delaware","C9",NA,NA,NA,NA,0
"426","District of Columbia","C9",NA,NA,NA,NA,0
"427","Florida","C9",21.3,26.7,27,19.6,94.6
"428","Georgia","C9",NA,NA,NA,NA,0
"429","Hawaii","C9",NA,NA,NA,NA,0
"430","Idaho","C9",NA,NA,NA,NA,0
"431","Illinois","C9",NA,NA,NA,NA,0
"432","Indiana","C9",NA,NA,NA,NA,0
"433","Iowa","C9",NA,NA,NA,NA,0
"434","Kansas","C9",NA,69.8,117.7,102.8,290.3
"435","Kentucky","C9",NA,NA,NA,NA,0
"436","Louisiana","C9",NA,NA,NA,NA,0
"437","Maine","C9",NA,NA,NA,145.9,145.9
"438","Maryland","C9",NA,NA,NA,NA,0
"439","Massachusetts","C9",NA,NA,NA,NA,0
"440","Michigan","C9",86.2,66.2,56.7,74.5,283.6
"441","Minnesota","C9",65.3,58.1,49.1,59.4,231.9
"442","Mississippi","C9",NA,NA,NA,NA,0
"443","Missouri","C9",43.4,NA,NA,36.7,80.1
"444","Montana","C9",96.3,66.3,83.8,63,309.4
"445","Nebraska","C9",NA,NA,NA,NA,0
"446","Nevada","C9",NA,NA,NA,NA,0
"447","New Hampshire","C9",NA,NA,NA,NA,0
"448","New Jersey","C9",NA,NA,NA,NA,0
"449","New Mexico","C9",16.3,16.4,15.5,12.6,60.8
"450","New York","C9",NA,16.7,14.9,9.5,41.1
"451","North Carolina","C9",43.1,33.9,31.7,35,143.7
"452","North Dakota","C9",117.6,104.9,69.9,84.6,377
"453","Ohio","C9",NA,NA,NA,NA,0
"454","Oklahoma","C9",30.8,44.4,52.9,54,182.1
"455","Oregon","C9",65.6,44.6,53.7,62.9,226.8
"456","Pennsylvania","C9",NA,NA,NA,NA,0
"457","Rhode Island","C9",NA,NA,NA,NA,0
"458","South Carolina","C9",NA,NA,NA,NA,0
"459","South Dakota","C9",54.7,69.6,72.7,71.1,268.1
"460","Tennessee","C9",NA,NA,NA,NA,0
"461","Texas","C9",NA,NA,13.5,9.4,22.9
"462","Utah","C9",NA,NA,NA,NA,0
"463","Vermont","C9",NA,NA,NA,NA,0
"464","Virginia","C9",NA,NA,NA,NA,0
"465","Washington","C9",64.6,61.8,46.8,46.2,219.4
"466","West Virginia","C9",NA,NA,NA,NA,0
"467","Wisconsin","C9",54,60.5,87.8,59,261.3
"468","Wyoming","C9",NA,NA,NA,NA,0
"469","U.S.","C10",23.2,22,22.6,22.4,90.2
"470","Alabama","C10",NA,NA,NA,NA,0
"471","Alaska","C10",16.5,20.5,18.3,22.9,78.2
"472","Arizona","C10",46.7,44.6,42.9,53.5,187.7
"473","Arkansas","C10",NA,NA,NA,NA,0
"474","California","C10",16.2,16,15.2,13.5,60.9
"475","Colorado","C10",20.8,18.9,16.7,20.6,77
"476","Connecticut","C10",NA,NA,NA,NA,0
"477","Delaware","C10",NA,NA,NA,NA,0
"478","District of Columbia","C10",NA,NA,NA,NA,0
"479","Florida","C10",12.3,NA,10.8,10.8,33.9
"480","Georgia","C10",NA,NA,NA,NA,0
"481","Hawaii","C10",NA,NA,NA,NA,0
"482","Idaho","C10",56.4,45.6,50.4,44.8,197.2
"483","Illinois","C10",NA,NA,NA,NA,0
"484","Indiana","C10",NA,NA,NA,NA,0
"485","Iowa","C10",NA,NA,NA,NA,0
"486","Kansas","C10",NA,NA,NA,NA,0
"487","Kentucky","C10",NA,NA,NA,NA,0
"488","Louisiana","C10",NA,NA,NA,NA,0
"489","Maine","C10",NA,NA,NA,NA,0
"490","Maryland","C10",NA,NA,NA,NA,0
"491","Massachusetts","C10",NA,NA,NA,NA,0
"492","Michigan","C10",22,23.1,19.7,23.1,87.9
"493","Minnesota","C10",37.9,25.7,47.9,37.7,149.2
"494","Mississippi","C10",NA,NA,NA,NA,0
"495","Missouri","C10",NA,NA,NA,NA,0
"496","Montana","C10",58,51.4,61.4,59.1,229.9
"497","Nebraska","C10",NA,69.4,NA,69.3,138.7
"498","Nevada","C10",30,31.4,27.7,24,113.1
"499","New Hampshire","C10",NA,NA,NA,NA,0
"500","New Jersey","C10",NA,NA,NA,NA,0
"501","New Mexico","C10",45.6,41.2,45.6,42.7,175.1
"502","New York","C10",9.8,7.2,6.5,NA,23.5
"503","North Carolina","C10",8.7,11.1,8.8,9.3,37.9
"504","North Dakota","C10",49.5,64.3,52,70.7,236.5
"505","Ohio","C10",NA,NA,NA,NA,0
"506","Oklahoma","C10",22.1,22.3,31.5,26.5,102.4
"507","Oregon","C10",26.8,28.4,31.7,35,121.9
"508","Pennsylvania","C10",NA,NA,NA,NA,0
"509","Rhode Island","C10",NA,NA,NA,NA,0
"510","South Carolina","C10",NA,NA,NA,NA,0
"511","South Dakota","C10",78.5,72.7,81,65.6,297.8
"512","Tennessee","C10",NA,NA,NA,NA,0
"513","Texas","C10",NA,5.4,3.9,3.9,13.2
"514","Utah","C10",37.7,NA,30.4,27.1,95.2
"515","Vermont","C10",NA,NA,NA,NA,0
"516","Virginia","C10",NA,NA,NA,NA,0
"517","Washington","C10",31.1,32.6,31.6,35.5,130.8
"518","West Virginia","C10",NA,NA,NA,NA,0
"519","Wisconsin","C10",33,34.1,34.8,40.8,142.7
"520","Wyoming","C10",77.7,67.7,86,86.5,317.9
"521","U.S.","C11",756.4,727.8,643.8,583.6,2711.6
"522","Alabama","C11",350.8,406.6,304.2,291,1352.6
"523","Alaska","C11",953.7,988.3,871.3,972.6,3785.9
"524","Arizona","C11",823.4,757.3,640.8,653.4,2874.9
"525","Arkansas","C11",365,523.4,420.2,380.3,1688.9
"526","California","C11",522.8,507.3,445.6,388.5,1864.2
"527","Colorado","C11",528.5,517.5,422.9,417.8,1886.7
"528","Connecticut","C11",747.9,509.8,197.7,96.8,1552.2
"529","Delaware","C11",0,0,240.8,0,240.8
"530","District of Columbia","C11",0,0,0,0,0
"531","Florida","C11",402,409.9,338.1,315.7,1465.7
"532","Georgia","C11",709.7,817.1,235.9,145.4,1908.1
"533","Hawaii","C11",1038,0,0,262.3,1300.3
"534","Idaho","C11",970.5,963.5,773.1,730,3437.1
"535","Illinois","C11",293.9,279,242.8,171.4,987.1
"536","Indiana","C11",154.3,79.9,50.7,99.2,384.1
"537","Iowa","C11",455.8,217.2,411.7,581.3,1666
"538","Kansas","C11",1047.8,1097.2,1328,1135.4,4608.4
"539","Kentucky","C11",0,0,0,91.6,91.6
"540","Louisiana","C11",413.4,432.9,300,441.1,1587.4
"541","Maine","C11",2098.3,1425.5,1150.8,923.8,5598.4
"542","Maryland","C11",918.2,627.4,339.3,146.2,2031.1
"543","Massachusetts","C11",356.9,395.1,315,188,1255
"544","Michigan","C11",1440.5,1212.6,1122.4,919.7,4695.2
"545","Minnesota","C11",1155.6,1140.7,1028.9,954.3,4279.5
"546","Mississippi","C11",830.5,725.5,720.3,692.3,2968.6
"547","Missouri","C11",541.8,411,452,358.6,1763.4
"548","Montana","C11",1251.3,1240.1,1103.9,1045.7,4641
"549","Nebraska","C11",1124.2,976,725.4,739.1,3564.7
"550","Nevada","C11",711.7,762.1,633.2,524,2631
"551","New Hampshire","C11",0,0,0,0,0
"552","New Jersey","C11",348.8,487.6,301.3,196.5,1334.2
"553","New Mexico","C11",743.8,659,588.8,578.2,2569.8
"554","New York","C11",340.3,357.9,284.2,221.7,1204.1
"555","North Carolina","C11",1183.8,1090.2,864.1,754.6,3892.7
"556","North Dakota","C11",1645.6,1382,1406.7,1287.9,5722.2
"557","Ohio","C11",290.1,216.2,271.5,257,1034.8
"558","Oklahoma","C11",963.4,1073.1,1100.7,1015,4152.2
"559","Oregon","C11",939.3,862.4,722.9,614.4,3139
"560","Pennsylvania","C11",336.6,221.7,209.2,278.5,1046
"561","Rhode Island","C11",477,433.8,472,443.1,1825.9
"562","South Carolina","C11",272.2,388.2,482,402.5,1544.9
"563","South Dakota","C11",1448.4,1533.1,1265.9,1189.2,5436.6
"564","Tennessee","C11",159.1,337.7,310.5,273.6,1080.9
"565","Texas","C11",187,178.2,254.9,154.9,775
"566","Utah","C11",690.2,777.1,588.3,532.2,2587.8
"567","Vermont","C11",0,0,0,0,0
"568","Virginia","C11",333.2,227.6,269.5,342.6,1172.9
"569","Washington","C11",1062,1028.3,941,900.1,3931.4
"570","West Virginia","C11",0,0,0,0,0
"571","Wisconsin","C11",1076.1,1211,1107.8,1035.2,4430.1
"572","Wyoming","C11",1124,568.6,794.2,739.4,3226.2
"573","U.S.","C12",88.7,78,63.8,55,285.5
"574","Alabama","C12",0,0,0,0,0
"575","Alaska","C12",87.8,119.5,86.6,86,379.9
"576","Arizona","C12",91.9,66.7,57.7,58.2,274.5
"577","Arkansas","C12",0,74.7,50.9,42.9,168.5
"578","California","C12",61.6,53.2,41.6,36.4,192.8
"579","Colorado","C12",40.6,0,0,22.7,63.3
"580","Connecticut","C12",0,0,0,0,0
"581","Delaware","C12",0,0,0,0,0
"582","District of Columbia","C12",0,0,0,0,0
"583","Florida","C12",50.8,51.1,36.7,33,171.6
"584","Georgia","C12",83.3,75.6,0,0,158.9
"585","Hawaii","C12",0,0,0,0,0
"586","Idaho","C12",0,0,78.4,91.7,170.1
"587","Illinois","C12",0,0,0,0,0
"588","Indiana","C12",0,0,0,0,0
"589","Iowa","C12",0,0,0,0,0
"590","Kansas","C12",124.3,139.1,121.9,117.1,502.4
"591","Kentucky","C12",0,0,0,0,0
"592","Louisiana","C12",0,0,0,41.5,41.5
"593","Maine","C12",0,0,0,0,0
"594","Maryland","C12",100.6,0,0,0,100.6
"595","Massachusetts","C12",0,0,0,0,0
"596","Michigan","C12",156.2,117,113.3,85.1,471.6
"597","Minnesota","C12",135,106.1,105.8,79.2,426.1
"598","Mississippi","C12",0,0,0,0,0
"599","Missouri","C12",48.1,0,39.4,0,87.5
"600","Montana","C12",124.4,135.9,99.9,91.4,451.6
"601","Nebraska","C12",0,0,0,0,0
"602","Nevada","C12",58.7,43,0,0,101.7
"603","New Hampshire","C12",0,0,0,0,0
"604","New Jersey","C12",0,43,0,0,43
"605","New Mexico","C12",72.8,59.6,54,55.8,242.2
"606","New York","C12",51.5,37.4,19.5,18.3,126.7
"607","North Carolina","C12",163.2,142.1,102.9,68.5,476.7
"608","North Dakota","C12",184.5,79.1,138.1,122.3,524
"609","Ohio","C12",0,0,0,0,0
"610","Oklahoma","C12",102.3,100.8,96.5,79.5,379.1
"611","Oregon","C12",119.7,104.6,57,60.9,342.2
"612","Pennsylvania","C12",0,0,0,0,0
"613","Rhode Island","C12",0,0,0,0,0
"614","South Carolina","C12",0,0,0,0,0
"615","South Dakota","C12",179.4,190.2,158.2,149.8,677.6
"616","Tennessee","C12",0,0,0,0,0
"617","Texas","C12",26.5,31.5,27.8,16.8,102.6
"618","Utah","C12",0,70.9,0,0,70.9
"619","Vermont","C12",0,0,0,0,0
"620","Virginia","C12",0,0,0,0,0
"621","Washington","C12",155.6,122.7,104.5,112.9,495.7
"622","West Virginia","C12",0,0,0,0,0
"623","Wisconsin","C12",165,152.3,111.3,118.9,547.5
"624","Wyoming","C12",0,0,0,0,0
